<?xml version="1.0" encoding="UTF-8" ?> 
<Module>
  <ModulePrefs title="i18n Example"> 
    <Locale messages="http://doc.examples.googlepages.com/ALL_ALL.xml"/>
    <Locale lang="de" messages="http://doc.examples.googlepages.com/de_ALL.xml"/>
    <Locale lang="zh-cn" messages="http://doc.examples.googlepages.com/zh_cn_ALL.xml"/>
    <Locale lang="fr" messages="http://doc.examples.googlepages.com/fr_ALL.xml"/>
    <Locale lang="ja" messages="http://doc.examples.googlepages.com/ja_ALL.xml"/>
    <Locale lang="es" messages="http://doc.examples.googlepages.com/es_ALL.xml"/>
    <Locale lang="it" messages="http://doc.examples.googlepages.com/it_ALL.xml"/>
    <Locale lang="ru" messages="http://doc.examples.googlepages.com/ru_ALL.xml"/> 
  </ModulePrefs>
  <UserPref name="fontcolor" display_name="__MSG_color__" default_value="Red" datatype="enum">
    <EnumValue value="Red" display_value="__MSG_red__" /> 
    <EnumValue value="Green" display_value="__MSG_green__" /> 
    <EnumValue value="Blue" display_value="__MSG_blue__" /> 
    <EnumValue value="Gray" display_value="__MSG_gray__" /> 
    <EnumValue value="Purple" display_value="__MSG_purple__" /> 
    <EnumValue value="Black" display_value="__MSG_black__" /> 
  </UserPref>
  <Content type="html">
  <![CDATA[
    <div id="content_div"></div>
    <script type="text/javascript"> 
      // Display message in the user's preferred language
      function displayMsg(){
        var div = document.getElementById('content_div');
        // Get userprefs
        var prefs = new gadgets.Prefs();
        // Set font color to user's color choice
        div.style.color = prefs.getString("fontcolor");
        // Display message
        var html = "<br><h1>";
        // Use prefs.getMsg to go to the appropriate message bundle
        // and get the string associated with the "hello_world" message.
        html += prefs.getMsg("hello_world");
        html +=  "</h1>"; 
        div.innerHTML = html;
      }
      gadgets.util.registerOnLoadHandler(displayMsg);
    </script>
  ]]>
  </Content>
</Module>